id,source_work_id,target_work_id,evidence,evidenceSource,note,reviewStatus,createdAt,updatedAt,deletedAt
01a0155e-33a7-772a-8efc-4ad2766bc830,01a013e8-907f-7396-b9b5-d56024e84548,01a013eb-4664-715c-a68f-acb1ce46e342,梭罗的《瓦尔登湖》。（克里斯从来没听过这本书，但我可以读上一百次也不觉得累。通常我会选一本他不懂的书，以备对答之用，我先读一两个句子，然后等他一连串地发问，然后回答他的问题，之后再读一两个句子。,chapter4,,reviewed,2026-08-18T08:50:43+00:00,2026-08-18T13:14:25+00:00,
01a0155e-33a7-772a-8efc-4ad36d3753f1,01a013e8-907f-7396-b9b5-d56024e84548,01a013f1-545e-7562-bc38-7692ef32b09c,这本书提到，西方文化主要从理论角度理解人的存在（这就呼应了斐德洛过去在实验室当中的经验），东方文化则从美感的角度理解人的存在（这呼应了斐德洛在韩国的经验），而这两者似乎不曾碰过面。书中提到的理论和美感与斐德洛后来称为古典和浪漫的用法相当，并且似乎暗暗影响了斐德洛日后使用那两个词。两者主要的差异在于，古典的现实主要是理论的，但是也有它自己的美学，而浪漫的现实主要是审美的，但是也有它自己的理论。理论的和审美的是同一个世界的不同组成成分之间的对立，而古典的和浪漫的则是两个不同世界的对立。,chapter11,"这本哲学书的名字叫《当东方遇到西方》(The Meeting of East and West),F.S.C.诺斯罗普著，书中重视对于“不二的审美整体(undifferentiated aesthetic continuum)”的认识，认为理论应建立在对“不二的审美整体”的觉悟之上。",reviewed,2026-08-18T08:50:43+00:00,2026-08-18T13:14:25+00:00,
01a0155e-33a7-772a-8efc-4ad47cbc2e9f,01a013eb-4664-715c-a68f-acb1ce46e342,01a013f1-545e-7562-bc38-7693325b8d93,如今谎言与幻觉被捧为至高的真理，现实反倒变得荒唐。其实人们只要始终认清现实，不让自己受欺骗，那么生活将会变得像童话般美好，就像《一千零一夜》那样。如果我们只推崇自然的、高尚的事物，音乐和诗歌将会响彻大街小巷。,章节：居所和生活的目标,,reviewed,2026-08-18T08:50:43+00:00,2026-08-18T13:14:25+00:00,
01a01570-a020-7285-8fba-4c4b4dbaece4,01a013e8-907f-7396-b9b5-d54f87c9321b,01a0156e-bb69-75d8-9889-54907fe1596f,当马孔多在《圣经》所载那种龙卷风的怒号中化作可怕的瓦砾与尘埃旋涡时，奥雷里亚诺为避免在熟知的事情上浪费时间又跳过十一页，开始破译他正度过的这一刻，译出的内容恰是他当下的经历，预言他正在破解羊皮卷的最后一页，宛如他正在会言语的镜中照影。,Chapter20,,reviewed,2026-08-18T16:44:56+00:00,2026-08-18T16:44:56+00:00,
01a01577-9319-756d-acef-f5c047325f18,01a013eb-4664-715c-a68f-acb1ce46e342,01a0156e-bb69-75d8-9889-54907fe1596f,我曾在《圣经》上读到陶匠的黏土和转轮，却从未想到我们日常所用的器皿，并不是从那个年代完好无损地流传下来的，也不是像葫芦那样挂在树上的，我很高兴听到我住的地方附近曾经有人实践过这门制陶的艺术。,章节：原先的居民和冬天的访客,,reviewed,2026-08-18T16:44:56+00:00,2026-08-18T16:44:56+00:00,
01a0159b-36db-72a1-a58b-863470f168c6,01a013e8-907f-7396-b9b5-d538a2a9bf38,01a0156e-bb69-75d8-9889-54907fe1596f,谈话转到新艺术流派和一位法国画家新近给《圣经》作的插图上。伏尔古耶夫非难那位画家把现实主义发展到俗不可耐的地步。列文说，法国人在艺术上总是最墨守成规，因此他们认为回到现实主义就是做了特殊贡献；他们认为不撒谎就是诗。,Chapter10,,reviewed,2026-08-18T16:44:56+00:00,2026-08-18T16:44:56+00:00,
01a0159e-2854-749c-9b84-9c6cac0e90f1,01a013e8-907e-77f3-83c6-bcead27e01ac,01a0156e-bb69-75d8-9889-54907fe1596f,帕纳鲁拒绝用那些陈词滥调来为自己解脱。他本可以轻易用圣经解释，说天国的喜乐会补偿孩子的痛苦，但他没有。他坦白自己也并不知道。谁能肯定，永恒的幸福真能弥补短暂的痛苦？一个真正的基督徒，不会轻易相信这种说法，因为连基督也曾经历过肉体与灵魂的苦难。面对孩子的苦痛，神甫选择不逃避。他宁可直面那份像十字架一样沉重的折磨。,Chapter4,,reviewed,2026-08-18T16:44:56+00:00,2026-08-18T16:44:56+00:00,
01a017ef-4070-76bd-b43f-dca36f4689b7,01a017db-86df-731c-82b7-b45d82218b46,01a0156e-bb69-75d8-9889-54907fe1596f,“那么，丑是七宗罪之一了？”公爵夫人叫道，“你刚用兰花作喻又如何解释？”“丑是七宗美德之一，格拉迪丝。你，作为一个优秀的托利党人，一定不能低估它们。啤酒、《圣经》和七宗美才造就了现在的英国。”,Chapter17,,reviewed,2026-08-20T17:23:50+00:00,2026-08-20T17:23:50+00:00,
01a018b7-d35d-779b-ae31-e89a109935ad,01a018b6-f998-7104-9d02-e7e2a318d399,01a018b5-fa92-7642-ac15-6dc232b7303a,对十八岁那年的我来说，最欣赏的书是约翰·厄普代克的《马人》。但在反复阅读的时间里，它逐渐失去了最初的光彩，而把至高无上的地位让给了菲茨杰拉德的《了不起的盖茨比》。而且《了不起的盖茨比》对我始终是绝好的作品。兴之所至，我便习惯性地从书架中抽出《了不起的盖茨比》，信手翻开一页，读上一段，一次都没让我失望过，没有一页使人兴味索然。何等妙不可言的杰作！我真想把其中的妙处告诉别人，但环视四周，竟无一人读过《了不起的盖茨比》，甚至连想读的人都没有！在一九六八年，阅读菲茨杰拉德的作品，虽然算不得反动之举，但也终非值得提倡的行为。,Chapter3,,reviewed,2026-08-19T06:31:35+00:00,2026-08-20T18:28:14+00:00,
01a018bb-ffbb-7388-879a-b11a88e46185,01a01889-6cc0-75f9-8c09-0ae6392a3ab5,01a0156e-bb69-75d8-9889-54907fe1596f,仔细一想，这也是怪事。他们随心所欲地想何时来访就何时来，不管你是在烤舒芙蕾，在做焊接，在洗头发，还是在训练小白鼠，甚至是在思考二次函数，他们毫不体恤，照样按门铃或敲门，笑嘻嘻地劝诱：“咱们一起来学《圣经》好吗？”他们可以只管找上门来，但别人（恐怕只要不做信徒）就不能自由地去找他们，连问个简单的问题都不行。要说不方便，也真够不方便的。,Chapter16,,reviewed,2026-08-19T06:36:09+00:00,2026-08-20T18:28:19+00:00,
01a018df-c773-72aa-8dd8-7db2246595e4,01a01888-9625-716a-96fb-d8331f462545,01a018df-05f2-71ae-a076-a02610b6dfa8,我拉开第四罐米勒海雷夫罐装啤酒的易拉环，把啤酒递给她。“对于自己的人生你是怎样考虑的？”女孩问。她并不把啤酒罐送往嘴边，只是凝目注视罐顶的小孔。“读过《卡拉马佐夫兄弟》？”我问。“读过。很早以前读过一次。”“劝你再读一次。书里写了好多事情。小说快结束时，阿辽沙对一个叫郭立亚·克拉索托金的年轻学生这样说道：‘喂，郭立亚，你将来将成为非常不幸的人。不过作为总体，还是要为人生祝福。’”,Chapter39,,reviewed,2026-08-19T07:15:13+00:00,2026-08-20T18:28:23+00:00,
01a018e5-7fb1-73ab-992c-108b6304db33,01a01888-9625-716a-96fb-d8331f462545,01a018e4-6480-77c1-ab4e-0f121f1384af,读罢袖珍本《罗亭》，扔到书架上面，又去水槽物色像样的威士忌残骸。发现有块瓶底剩有一点点杰克·丹尼黑标威士忌，赶紧倒入杯中，折回床开始看司汤达的《红与黑》。总之我好像喜欢看落后于时代的作品。当今时代到底有几多年轻人看《红与黑》呢？不管怎样，读着读着我又同情上了于连·索雷尔。在于连·索雷尔身上，缺点在十五岁以前便大局已定，这一事实也激发了我的同情心。人生的种种要素仅在十五岁便固定下来，这在别人看来也是非常不忍的事。他自行投入监牢也是如此。他蜷缩在四面墙世界里，不断地朝毁灭行进。,Chapter15,,reviewed,2026-08-19T07:21:28+00:00,2026-08-20T18:28:26+00:00,
01a018f2-f0ab-7643-b19b-c6235736ef4b,01a01889-6cc0-75f9-8c09-0ae6392a3ab5,01a018f1-6dfb-72c2-96f0-bb1555f76e9a,“你今天和老师说到的那本书，有吗。”深绘里问，“就是有‘老大哥’出场的书。”“《1984》吗？不，我这里没有。”“说的什么故事？”天吾开始回忆小说的情节：“我还是很早以前在学校图书馆里看的，具体细节已经记不清了。总之这本书是一九四九年出版的，在那个时候，一九八四年还是遥远的未来呢。”“就是今年。”,Chapter20,,reviewed,2026-08-19T07:36:09+00:00,2026-08-20T18:28:30+00:00,
01a018f8-5bee-73de-9c28-966e6ae8ef20,01a01889-6cc0-75f9-8c09-0ae6392a3ab5,01a018f7-848d-7524-8a00-ea267594f058,“普鲁斯特的《追忆似水年华》如何？”Tamaru问，“如果还没读过，这也许是个读一遍的好机会。”“你读过吗？”“没有。我没进过监狱，也没有长期躲在什么地方。人们说，没有这样的机会，就很难把《追忆似水年华》通读一遍。”“你周围有人通读过吗？”“我周围倒不是没有在监狱里待过很久的人，但都不是对普鲁斯特感兴趣的类型。”,Chapter2,,reviewed,2026-08-19T07:42:04+00:00,2026-08-20T18:28:34+00:00,
01a01909-a1eb-77aa-a090-ea3d9a178747,01a01888-9625-716a-96fb-d8331f462545,01a01908-dbe4-75a2-a90e-b51bfb77571f,我去卫生间打开燃气热水器，确认未被损坏之后，开始往浴缸里放水。香皂剃须刀牙刷毛巾洗发水基本剩在那里，淋浴没有问题，浴巾也在。卫生间应当有许多物品不翼而飞，但我想不起失去的是什么，一件也想不起。我往浴缸放水和巡视房间的时间里，胖女郎躺在床上看巴尔扎克的《农民》。“法国也有水獭，嗯？”她说。“有的吧。”“现在也有？”“不晓得。”我回答。那种事我哪里晓得。,Chapter32,,reviewed,2026-08-19T08:00:56+00:00,2026-08-20T18:28:36+00:00,
01a0190b-69bc-730d-b207-fe73729bdfbb,01a01888-9625-716a-96fb-d8331f462545,01a013e8-907e-77f3-83c6-bce5cc3de32c,“不大明白是你的口头禅，肯定。”“或许。”“或许也是口头禅。”我无话可说，只好默默点头。“为什么？因为所有思想都飘忽不定？”不大明白，或许—我正在头脑中窃窃私语，男侍走来以御用接骨医为皇太子矫正脱臼的姿势毕恭毕敬地拔下葡萄酒瓶的软木塞，斟酒入杯。“‘怪不得我’这句话是《局外人》主人公的口头禅吧，大概。那人叫什么名字来着？呃—”“莫尔索。”我说。,Chapter35,,reviewed,2026-08-19T08:02:53+00:00,2026-08-20T18:28:39+00:00,
01a01915-669d-761f-9e6a-d923e2cd2942,01a01888-9625-716a-96fb-d8331f462545,01a01914-4709-7655-9522-ac8a6f2b67b1,“尽可能别做剧烈运动。”医生说，“也不要喝酒，不要性交，不要过分地笑。最好看看书，轻松些日子。明天再来。”我道过谢，在窗口付款，领了消炎药返回住处，并且遵从医嘱，歪在床上看屠格涅夫的《罗亭》。本来想看《春潮》，但在这形同废墟的房间里找到这一本已费了好一番折腾，再说细想之下《春潮》也并不比《罗亭》好出许多。,Chapter15,,reviewed,2026-08-19T08:13:48+00:00,2026-08-20T18:28:42+00:00,
01a01916-4815-7643-8d62-8226a364914a,01a01888-9625-716a-96fb-d8331f462545,01a01911-b32c-74da-bd3d-3748a50af3f7,第一次看《罗亭》时还在读大学，已是十五年前的事了。十五年后我腰缠绷带重读此书。重读之间，我意识到较之从前，自己开始对罗亭怀有类似好意的心情。人不能够改正自身的缺点。脾性这东西大约在二十五岁前便已成定局，此后无论怎样努力都无法改变其本质，问题是人们往往拘泥于外界对自身脾性的反应。,Chapter15,,reviewed,2026-08-19T08:14:45+00:00,2026-08-20T18:28:45+00:00,
01a01db3-4ea4-754d-9f08-9c89ec253277,01a01db1-5c37-7050-8a17-a7fe2528e68a,01a0156e-bb69-75d8-9889-54907fe1596f,测试,test,,draft,2026-08-20T05:44:45+00:00,2026-08-20T18:29:33+00:00,2026-08-20T18:29:33+00:00
01a02385-7c4f-7779-bb1f-417bfa8e8bb8,01a013e8-907f-7396-b9b5-d56024e84548,01a02383-b3ee-71a7-9296-68c1d0a2124f,它是一部相当不错的机器，一部“先验”的摩托车。如果你停下来仔细地想一想，终究会发现它才是主体。你的感官所得到的讯息只能证实它的存在，但是这些讯息并不等于它。我通过直觉所了解到的摩托车，就像我存在银行里面的钱。如果我到银行要求看我的钱，他们一定会奇怪地看着我。因为我的钱并没有放在他们的抽屉里，没法拿出来给我看，我的钱其实只是电脑档案里面的一个数字，在一卷磁带的某一个被磁化的区域上。但是这样就够了，因为我相信如果我需要钱的时候，银行会通过他们的系统让我取到钱。同样的，即使我的感官不能给我任何可以被称为“实体”的东西，我仍相信我可以从我的感官信息中获取实体能提供给我的东西，这就够了，而且感觉到的信息和我心灵中的先验摩托车始终是吻合的。只是为了方便，我说我在银行里有钱，同样是出于方便，我说我骑的这部摩托车是实体构成的。康德的《纯粹理性批判》就是探讨我们如何得到这种先验的知识，以及如何运用它。,Chapter13,,reviewed,2026-08-21T08:52:25+00:00,2026-08-21T08:52:35+00:00,
01a02388-74e1-7505-bf57-f47d267d35c1,01a013e8-907f-7396-b9b5-d56024e84548,01a018f1-6dfb-72c2-96f0-bb1555f76e9a,他想象着一个缺乏良质的世界，突然想起有一些社会就是这样的，像古代的斯巴达人，赫胥黎的《美丽新世界》和奥威尔的《1984》。他又想起，在自己的生活中，有一些人就欣赏这种缺乏良质的世界。有一些朋友想说服他戒烟，要他说出抽烟的理由，结果他说不出来，于是他们就表现出很优越的样子，仿佛他做了很丢脸的事，因为这些人对所有的事情都要求理由、计划和解决的方法。他们曾经和他是一类人，但现在他们是他攻击的对象。他想了很久，想找出一个能够形容他们的总称，以便于抓住这种缺乏良质的世界的特质。,Chapter18,,reviewed,2026-08-21T08:55:40+00:00,2026-08-21T08:55:46+00:00,
01a0238a-fe16-72ab-b744-19c007607324,01a013e8-907f-7396-b9b5-d56024e84548,01a0238a-3c7a-737e-9de1-14e2d2f588a2,斐德洛一句一句、一段一段地念，发现它们正符合他的意思。这就是他一直在说的，只不过他表达得很僵化，而《道德经》中却说得清楚而准确。这就是他一直在说的，只是此刻却从不同的背景，用不同的语言说了出来。他从另一座山谷看到了这一座山谷的景象，并不是陌生人所讲的故事，而是他所置身其中的山谷的一部分。他看到了一切。,Chapter20,,reviewed,2026-08-21T08:58:26+00:00,2026-08-21T08:58:40+00:00,
01a02414-cacf-71e6-8b54-5f12ecad4a0c,01a018f7-848d-7524-8a00-ea267594f058,01a02413-6e19-76eb-96a6-ab5c1223e04e,妈妈坐在我的床边；她拿了一本《弃儿弗朗沙》。发红的封面和莫名其妙的书名，在我的心目中，给弗朗沙平添一种明显的个性和神秘的魅力，我还从未读过名副其实的小说。过去听说乔治·桑是典型的小说家，仅凭这一点，就足以使我想象《弃儿弗朗沙》中一定有某种难以界定的、引人入胜的内容。用来煽起好奇之心或恻隐之情的叙述手段，某些令人不安和催人惆怅的表达方法，有点知识的读者一眼就看出这些同别的许多小说一样；可是在我眼里，它们却是感人肺腑的一种外观，流露出《弃儿弗朗沙》所特有的本质。,第一部：贡布雷,,reviewed,2026-08-21T11:28:57+00:00,2026-08-21T11:29:38+00:00,
01a02418-33fe-702e-94f7-b1cc098bb973,01a018f7-848d-7524-8a00-ea267594f058,01a013f1-545e-7562-bc38-7693325b8d93,她吃茶点时，我又寻回了贡布雷和在贡布雷的希尔贝特）所知甚多，使我忆起上面有《一千零一夜》故事的那些盛小炉点心的盘子。[插图]弗朗索瓦丝一天又一天地今天将《阿拉丁和神灯》，明天将《阿里巴巴》、《睁眼睡觉的人》和《辛伯达携带全部宝物登上巴索拉船》[插图]送给姨母莱奥妮时，这些故事的“臣民”们真叫我的姨母开心透了。,第二部第7章,,reviewed,2026-08-21T11:32:41+00:00,2026-08-21T11:32:46+00:00,
01a02523-1ae0-70ba-93a6-e3e6b4fddedb,01a01968-38de-75b4-b63b-fbe9d35bee6e,01a02520-d6e2-7237-b5b0-c6d82da940f3,我们不大知晓的事情委实太多了。似懂非懂罢了。倘有宇宙人来我这里问我赤道以多少公里时速旋转，我将异常狼狈，就连星期二之后为何是星期三恐怕都答不上来。他们笑我不成？《卡拉马佐夫兄弟》和《静静的顿河》我分别读了三遍，甚至《德意志意识形态》也读了一遍。圆周率都能数到小数点以下十六位。这样他们也还要笑我？大概会笑的，且笑得要死。,Chapter2,,reviewed,2026-08-21T16:24:12+00:00,2026-08-21T16:24:18+00:00,
01a02524-9821-736e-97bf-ac17669e4260,01a01968-38de-75b4-b63b-fbe9d35bee6e,01a018df-05f2-71ae-a076-a02610b6dfa8,我们不大知晓的事情委实太多了。似懂非懂罢了。倘有宇宙人来我这里问我赤道以多少公里时速旋转，我将异常狼狈，就连星期二之后为何是星期三恐怕都答不上来。他们笑我不成？《卡拉马佐夫兄弟》和《静静的顿河》我分别读了三遍，甚至《德意志意识形态》也读了一遍。圆周率都能数到小数点以下十六位。这样他们也还要笑我？大概会笑的，且笑得要死。,Chapter3,,reviewed,2026-08-21T16:25:50+00:00,2026-08-21T16:25:56+00:00,
01a0252d-eb2b-730e-b16a-f8579c37fbe6,01a01968-38de-75b4-b63b-fbe9d35bee6e,01a0252c-ae88-757d-8b11-9e7dd42701ba,“挺有《白鲸》情调的。”“白鲸？”我问。“是白鲸。寻觅什么是很有趣的作业。”“例如猛犸？”我的女友问。“是的，都一样。”服务台负责人说，“我所以给这里取名为DOLPHIN HOTEL，其实就是因为麦尔维尔的《白鲸》里有海豚出现的场面。”,Chapter2,,reviewed,2026-08-21T16:36:01+00:00,2026-08-21T16:36:06+00:00,
01a02caf-d7b2-761a-ba88-c1b19581992e,01a01968-38cb-7a5b-849f-0b976fd057b5,01a02cac-5cdc-7594-b1e7-d44f4e99c570,"“干嘛老看书？”

我把最后剩下的竹荚鱼连同啤酒一起一口送进肚里，收拾一下碟盘，拿起旁边刚读个开头的《情感教育》，啪啦啪啦翻了几页：

“因为福楼拜早已经死掉了。”

“活着的作家的书就不看？”

“活着的作家一钱不值。”

“何以见得？”

“对于死去的人，我觉得一般都可原谅。”我一边回答，一边看着吧台里手提式电视机的重播节目“66号国道”。",Chapter5,,reviewed,2026-08-23T03:35:16+00:00,2026-08-23T03:36:02+00:00,
01a02cc0-21fb-7026-9c1e-b14667d658a9,01a01968-38cb-7a5b-849f-0b976fd057b5,01a02cbe-7765-7266-bb6c-0212aee521cb,"“对了，你可读过《热铁皮房顶上的猫》？”

她不予回答，眼望天花板，活像被捞上岸的人鱼似的把毛巾被裹得严严实实。

我只管继续说下去：

“就是说，每当我一个人喝酒，就想起那段故事，满以为脑袋里马上会咔嚓一声变得豁然开朗。当然实际上没这个可能，从来就没有声音响过。于是一会儿我就等得心烦意乱，往那小子家里打电话，打算拉他出来一块儿喝。结果接电话是个女的……我觉得纳闷儿，那小子本来不是这副德性的。即使往房间里领进五十个女人，哪怕再醉得昏天黑地，自己的电话也肯定自己接。明白？",Chapter9,,reviewed,2026-08-23T03:53:04+00:00,2026-08-23T03:53:04+00:00,
